uuid,email,name,phone
uuid-0001,user1@example.com,User 1,123-456-7891
uuid-0002,user2@example.com,User 2,123-456-7892
uuid-0003,user3@example.com,User 3,123-456-7893
uuid-0004,user4@example.com,User 4,123-456-7894
uuid-0005,user5@example.com,User 5,123-456-7895
uuid-0006,user6@example.com,User 6,123-456-7896
uuid-0007,user7@example.com,User 7,123-456-7897
uuid-0008,user8@example.com,User 8,123-456-7898
uuid-0009,user9@example.com,User 9,123-456-7899
uuid-0010,user10@example.com,User 10,123-456-7900
uuid-0011,user11@example.com,User 11,123-456-7901
uuid-0012,user12@example.com,User 12,123-456-7902
uuid-0013,user13@example.com,User 13,123-456-7903
uuid-0014,user14@example.com,User 14,123-456-7904
uuid-0015,user15@example.com,User 15,123-456-7905
uuid-0016,user16@example.com,User 16,123-456-7906
uuid-0017,user17@example.com,User 17,123-456-7907
uuid-0018,user18@example.com,User 18,123-456-7908
uuid-0019,user19@example.com,User 19,123-456-7909
uuid-0020,user20@example.com,User 20,123-456-7910
uuid-0021,user21@example.com,User 21,123-456-7911
uuid-0022,user22@example.com,User 22,123-456-7912
uuid-0023,user23@example.com,User 23,123-456-7913
uuid-0024,user24@example.com,User 24,123-456-7914
uuid-0025,user25@example.com,User 25,123-456-7915
uuid-0026,user26@example.com,User 26,123-456-7916
uuid-0027,user27@example.com,User 27,123-456-7917
uuid-0028,user28@example.com,User 28,123-456-7918
uuid-0029,user29@example.com,User 29,123-456-7919
uuid-0030,user30@example.com,User 30,123-456-7920
uuid-0031,user31@example.com,User 31,123-456-7921
uuid-0032,user32@example.com,User 32,123-456-7922
uuid-0033,user33@example.com,User 33,123-456-7923
uuid-0034,user34@example.com,User 34,123-456-7924
uuid-0035,user35@example.com,User 35,123-456-7925
uuid-0036,user36@example.com,User 36,123-456-7926
uuid-0037,user37@example.com,User 37,123-456-7927
uuid-0038,user38@example.com,User 38,123-456-7928
uuid-0039,user39@example.com,User 39,123-456-7929
uuid-0040,user40@example.com,User 40,123-456-7930
uuid-0041,user41@example.com,User 41,123-456-7931
uuid-0042,user42@example.com,User 42,123-456-7932
uuid-0043,user43@example.com,User 43,123-456-7933
uuid-0044,user44@example.com,User 44,123-456-7934
uuid-0045,user45@example.com,User 45,123-456-7935
uuid-0046,user46@example.com,User 46,123-456-7936
uuid-0047,user47@example.com,User 47,123-456-7937
uuid-0048,user48@example.com,User 48,123-456-7938
uuid-0049,user49@example.com,User 49,123-456-7939
uuid-0050,user50@example.com,User 50,123-456-7940
uuid-0051,user51@example.com,User 51,123-456-7941
uuid-0052,user52@example.com,User 52,123-456-7942
uuid-0053,user53@example.com,User 53,123-456-7943
uuid-0054,user54@example.com,User 54,123-456-7944
uuid-0055,user55@example.com,User 55,123-456-7945
uuid-0056,user56@example.com,User 56,123-456-7946
uuid-0057,user57@example.com,User 57,123-456-7947
uuid-0058,user58@example.com,User 58,123-456-7948
uuid-0059,user59@example.com,User 59,123-456-7949
uuid-0060,user60@example.com,User 60,123-456-7950
uuid-0061,user61@example.com,User 61,123-456-7951
uuid-0062,user62@example.com,User 62,123-456-7952
uuid-0063,user63@example.com,User 63,123-456-7953
uuid-0064,user64@example.com,User 64,123-456-7954
uuid-0065,user65@example.com,User 65,123-456-7955
uuid-0066,user66@example.com,User 66,123-456-7956
uuid-0067,user67@example.com,User 67,123-456-7957
uuid-0068,user68@example.com,User 68,123-456-7958
uuid-0069,user69@example.com,User 69,123-456-7959
uuid-0070,user70@example.com,User 70,123-456-7960
uuid-0071,user71@example.com,User 71,123-456-7961
uuid-0072,user72@example.com,User 72,123-456-7962
uuid-0073,user73@example.com,User 73,123-456-7963
uuid-0074,user74@example.com,User 74,123-456-7964
uuid-0075,user75@example.com,User 75,123-456-7965
uuid-0076,user76@example.com,User 76,123-456-7966
uuid-0077,user77@example.com,User 77,123-456-7967
uuid-0078,user78@example.com,User 78,123-456-7968
uuid-0079,user79@example.com,User 79,123-456-7969
uuid-0080,user80@example.com,User 80,123-456-7970
uuid-0081,user81@example.com,User 81,123-456-7971
uuid-0082,user82@example.com,User 82,123-456-7972
uuid-0083,user83@example.com,User 83,123-456-7973
uuid-0084,user84@example.com,User 84,123-456-7974
uuid-0085,user85@example.com,User 85,123-456-7975
uuid-0086,user86@example.com,User 86,123-456-7976
uuid-0087,user87@example.com,User 87,123-456-7977
uuid-0088,user88@example.com,User 88,123-456-7978
uuid-0089,user89@example.com,User 89,123-456-7979
uuid-0090,user90@example.com,User 90,123-456-7980
uuid-0091,user91@example.com,User 91,123-456-7981
uuid-0092,user92@example.com,User 92,123-456-7982
uuid-0093,user93@example.com,User 93,123-456-7983
uuid-0094,user94@example.com,User 94,123-456-7984
uuid-0095,user95@example.com,User 95,123-456-7985
uuid-0096,user96@example.com,User 96,123-456-7986
uuid-0097,user97@example.com,User 97,123-456-7987
uuid-0098,user98@example.com,User 98,123-456-7988
uuid-0099,user99@example.com,User 99,123-456-7989
uuid-0100,user100@example.com,User 100,123-456-7990
uuid-0101,user101@example.com,User 101,123-456-7991
uuid-0102,user102@example.com,User 102,123-456-7992
uuid-0103,user103@example.com,User 103,123-456-7993
uuid-0104,user104@example.com,User 104,123-456-7994
uuid-0105,user105@example.com,User 105,123-456-7995
uuid-0106,user106@example.com,User 106,123-456-7996
uuid-0107,user107@example.com,User 107,123-456-7997
uuid-0108,user108@example.com,User 108,123-456-7998
uuid-0109,user109@example.com,User 109,123-456-7999
uuid-0110,user110@example.com,User 110,123-456-8000
uuid-0111,user111@example.com,User 111,123-456-8001
uuid-0112,user112@example.com,User 112,123-456-8002
uuid-0113,user113@example.com,User 113,123-456-8003
uuid-0114,user114@example.com,User 114,123-456-8004
uuid-0115,user115@example.com,User 115,123-456-8005
uuid-0116,user116@example.com,User 116,123-456-8006
uuid-0117,user117@example.com,User 117,123-456-8007
uuid-0118,user118@example.com,User 118,123-456-8008
uuid-0119,user119@example.com,User 119,123-456-8009
uuid-0120,user120@example.com,User 120,123-456-8010
uuid-0121,user121@example.com,User 121,123-456-8011
uuid-0122,user122@example.com,User 122,123-456-8012
uuid-0123,user123@example.com,User 123,123-456-8013
uuid-0124,user124@example.com,User 124,123-456-8014
uuid-0125,user125@example.com,User 125,123-456-8015
uuid-0126,user126@example.com,User 126,123-456-8016
uuid-0127,user127@example.com,User 127,123-456-8017
uuid-0128,user128@example.com,User 128,123-456-8018
uuid-0129,user129@example.com,User 129,123-456-8019
uuid-0130,user130@example.com,User 130,123-456-8020
uuid-0131,user131@example.com,User 131,123-456-8021
uuid-0132,user132@example.com,User 132,123-456-8022
uuid-0133,user133@example.com,User 133,123-456-8023
uuid-0134,user134@example.com,User 134,123-456-8024
uuid-0135,user135@example.com,User 135,123-456-8025
uuid-0136,user136@example.com,User 136,123-456-8026
uuid-0137,user137@example.com,User 137,123-456-8027
uuid-0138,user138@example.com,User 138,123-456-8028
uuid-0139,user139@example.com,User 139,123-456-8029
uuid-0140,user140@example.com,User 140,123-456-8030
uuid-0141,user141@example.com,User 141,123-456-8031
uuid-0142,user142@example.com,User 142,123-456-8032
uuid-0143,user143@example.com,User 143,123-456-8033
uuid-0144,user144@example.com,User 144,123-456-8034
uuid-0145,user145@example.com,User 145,123-456-8035
uuid-0146,user146@example.com,User 146,123-456-8036
uuid-0147,user147@example.com,User 147,123-456-8037
uuid-0148,user148@example.com,User 148,123-456-8038
uuid-0149,user149@example.com,User 149,123-456-8039
uuid-0150,user150@example.com,User 150,123-456-8040
uuid-0151,user151@example.com,User 151,123-456-8041
uuid-0152,user152@example.com,User 152,123-456-8042
uuid-0153,user153@example.com,User 153,123-456-8043
uuid-0154,user154@example.com,User 154,123-456-8044
uuid-0155,user155@example.com,User 155,123-456-8045
uuid-0156,user156@example.com,User 156,123-456-8046
uuid-0157,user157@example.com,User 157,123-456-8047
uuid-0158,user158@example.com,User 158,123-456-8048
uuid-0159,user159@example.com,User 159,123-456-8049
uuid-0160,user160@example.com,User 160,123-456-8050
uuid-0161,user161@example.com,User 161,123-456-8051
uuid-0162,user162@example.com,User 162,123-456-8052
uuid-0163,user163@example.com,User 163,123-456-8053
uuid-0164,user164@example.com,User 164,123-456-8054
uuid-0165,user165@example.com,User 165,123-456-8055
uuid-0166,user166@example.com,User 166,123-456-8056
uuid-0167,user167@example.com,User 167,123-456-8057
uuid-0168,user168@example.com,User 168,123-456-8058
uuid-0169,user169@example.com,User 169,123-456-8059
uuid-0170,user170@example.com,User 170,123-456-8060
uuid-0171,user171@example.com,User 171,123-456-8061
uuid-0172,user172@example.com,User 172,123-456-8062
uuid-0173,user173@example.com,User 173,123-456-8063
uuid-0174,user174@example.com,User 174,123-456-8064
uuid-0175,user175@example.com,User 175,123-456-8065
uuid-0176,user176@example.com,User 176,123-456-8066
uuid-0177,user177@example.com,User 177,123-456-8067
uuid-0178,user178@example.com,User 178,123-456-8068
uuid-0179,user179@example.com,User 179,123-456-8069
uuid-0180,user180@example.com,User 180,123-456-8070
uuid-0181,user181@example.com,User 181,123-456-8071
uuid-0182,user182@example.com,User 182,123-456-8072
uuid-0183,user183@example.com,User 183,123-456-8073
uuid-0184,user184@example.com,User 184,123-456-8074
uuid-0185,user185@example.com,User 185,123-456-8075
uuid-0186,user186@example.com,User 186,123-456-8076
uuid-0187,user187@example.com,User 187,123-456-8077
uuid-0188,user188@example.com,User 188,123-456-8078
uuid-0189,user189@example.com,User 189,123-456-8079
uuid-0190,user190@example.com,User 190,123-456-8080
uuid-0191,user191@example.com,User 191,123-456-8081
uuid-0192,user192@example.com,User 192,123-456-8082
uuid-0193,user193@example.com,User 193,123-456-8083
uuid-0194,user194@example.com,User 194,123-456-8084
uuid-0195,user195@example.com,User 195,123-456-8085
uuid-0196,user196@example.com,User 196,123-456-8086
uuid-0197,user197@example.com,User 197,123-456-8087
uuid-0198,user198@example.com,User 198,123-456-8088
uuid-0199,user199@example.com,User 199,123-456-8089
uuid-0200,user200@example.com,User 200,123-456-8090
uuid-0201,user201@example.com,User 201,123-456-8091
uuid-0202,user202@example.com,User 202,123-456-8092
uuid-0203,user203@example.com,User 203,123-456-8093
uuid-0204,user204@example.com,User 204,123-456-8094
uuid-0205,user205@example.com,User 205,123-456-8095
uuid-0206,user206@example.com,User 206,123-456-8096
uuid-0207,user207@example.com,User 207,123-456-8097
uuid-0208,user208@example.com,User 208,123-456-8098
uuid-0209,user209@example.com,User 209,123-456-8099
uuid-0210,user210@example.com,User 210,123-456-8100
uuid-0211,user211@example.com,User 211,123-456-8101
uuid-0212,user212@example.com,User 212,123-456-8102
uuid-0213,user213@example.com,User 213,123-456-8103
uuid-0214,user214@example.com,User 214,123-456-8104
uuid-0215,user215@example.com,User 215,123-456-8105
uuid-0216,user216@example.com,User 216,123-456-8106
uuid-0217,user217@example.com,User 217,123-456-8107
uuid-0218,user218@example.com,User 218,123-456-8108
uuid-0219,user219@example.com,User 219,123-456-8109
uuid-0220,user220@example.com,User 220,123-456-8110
uuid-0221,user221@example.com,User 221,123-456-8111
uuid-0222,user222@example.com,User 222,123-456-8112
uuid-0223,user223@example.com,User 223,123-456-8113
uuid-0224,user224@example.com,User 224,123-456-8114
uuid-0225,user225@example.com,User 225,123-456-8115
uuid-0226,user226@example.com,User 226,123-456-8116
uuid-0227,user227@example.com,User 227,123-456-8117
uuid-0228,user228@example.com,User 228,123-456-8118
uuid-0229,user229@example.com,User 229,123-456-8119
uuid-0230,user230@example.com,User 230,123-456-8120
uuid-0231,user231@example.com,User 231,123-456-8121
uuid-0232,user232@example.com,User 232,123-456-8122
uuid-0233,user233@example.com,User 233,123-456-8123
uuid-0234,user234@example.com,User 234,123-456-8124
uuid-0235,user235@example.com,User 235,123-456-8125
uuid-0236,user236@example.com,User 236,123-456-8126
uuid-0237,user237@example.com,User 237,123-456-8127
uuid-0238,user238@example.com,User 238,123-456-8128
uuid-0239,user239@example.com,User 239,123-456-8129
uuid-0240,user240@example.com,User 240,123-456-8130
uuid-0241,user241@example.com,User 241,123-456-8131
uuid-0242,user242@example.com,User 242,123-456-8132
uuid-0243,user243@example.com,User 243,123-456-8133
uuid-0244,user244@example.com,User 244,123-456-8134
uuid-0245,user245@example.com,User 245,123-456-8135
uuid-0246,user246@example.com,User 246,123-456-8136
uuid-0247,user247@example.com,User 247,123-456-8137
uuid-0248,user248@example.com,User 248,123-456-8138
uuid-0249,user249@example.com,User 249,123-456-8139
uuid-0250,user250@example.com,User 250,123-456-8140
uuid-0251,user251@example.com,User 251,123-456-8141
uuid-0252,user252@example.com,User 252,123-456-8142
uuid-0253,user253@example.com,User 253,123-456-8143
uuid-0254,user254@example.com,User 254,123-456-8144
uuid-0255,user255@example.com,User 255,123-456-8145
uuid-0256,user256@example.com,User 256,123-456-8146
uuid-0257,user257@example.com,User 257,123-456-8147
uuid-0258,user258@example.com,User 258,123-456-8148
uuid-0259,user259@example.com,User 259,123-456-8149
uuid-0260,user260@example.com,User 260,123-456-8150
uuid-0261,user261@example.com,User 261,123-456-8151
uuid-0262,user262@example.com,User 262,123-456-8152
uuid-0263,user263@example.com,User 263,123-456-8153
uuid-0264,user264@example.com,User 264,123-456-8154
uuid-0265,user265@example.com,User 265,123-456-8155
uuid-0266,user266@example.com,User 266,123-456-8156
uuid-0267,user267@example.com,User 267,123-456-8157
uuid-0268,user268@example.com,User 268,123-456-8158
uuid-0269,user269@example.com,User 269,123-456-8159
uuid-0270,user270@example.com,User 270,123-456-8160
uuid-0271,user271@example.com,User 271,123-456-8161
uuid-0272,user272@example.com,User 272,123-456-8162
uuid-0273,user273@example.com,User 273,123-456-8163
uuid-0274,user274@example.com,User 274,123-456-8164
uuid-0275,user275@example.com,User 275,123-456-8165
uuid-0276,user276@example.com,User 276,123-456-8166
uuid-0277,user277@example.com,User 277,123-456-8167
uuid-0278,user278@example.com,User 278,123-456-8168
uuid-0279,user279@example.com,User 279,123-456-8169
uuid-0280,user280@example.com,User 280,123-456-8170
uuid-0281,user281@example.com,User 281,123-456-8171
uuid-0282,user282@example.com,User 282,123-456-8172
uuid-0283,user283@example.com,User 283,123-456-8173
uuid-0284,user284@example.com,User 284,123-456-8174
uuid-0285,user285@example.com,User 285,123-456-8175
uuid-0286,user286@example.com,User 286,123-456-8176
uuid-0287,user287@example.com,User 287,123-456-8177
uuid-0288,user288@example.com,User 288,123-456-8178
uuid-0289,user289@example.com,User 289,123-456-8179
uuid-0290,user290@example.com,User 290,123-456-8180
uuid-0291,user291@example.com,User 291,123-456-8181
uuid-0292,user292@example.com,User 292,123-456-8182
uuid-0293,user293@example.com,User 293,123-456-8183
uuid-0294,user294@example.com,User 294,123-456-8184
uuid-0295,user295@example.com,User 295,123-456-8185
uuid-0296,user296@example.com,User 296,123-456-8186
uuid-0297,user297@example.com,User 297,123-456-8187
uuid-0298,user298@example.com,User 298,123-456-8188
uuid-0299,user299@example.com,User 299,123-456-8189
uuid-0300,user300@example.com,User 300,123-456-8190
uuid-0301,user301@example.com,User 301,123-456-8191
uuid-0302,user302@example.com,User 302,123-456-8192
uuid-0303,user303@example.com,User 303,123-456-8193
uuid-0304,user304@example.com,User 304,123-456-8194
uuid-0305,user305@example.com,User 305,123-456-8195
uuid-0306,user306@example.com,User 306,123-456-8196
uuid-0307,user307@example.com,User 307,123-456-8197
uuid-0308,user308@example.com,User 308,123-456-8198
uuid-0309,user309@example.com,User 309,123-456-8199
uuid-0310,user310@example.com,User 310,123-456-8200
uuid-0311,user311@example.com,User 311,123-456-8201
uuid-0312,user312@example.com,User 312,123-456-8202
uuid-0313,user313@example.com,User 313,123-456-8203
uuid-0314,user314@example.com,User 314,123-456-8204
uuid-0315,user315@example.com,User 315,123-456-8205
uuid-0316,user316@example.com,User 316,123-456-8206
uuid-0317,user317@example.com,User 317,123-456-8207
uuid-0318,user318@example.com,User 318,123-456-8208
uuid-0319,user319@example.com,User 319,123-456-8209
uuid-0320,user320@example.com,User 320,123-456-8210
uuid-0321,user321@example.com,User 321,123-456-8211
uuid-0322,user322@example.com,User 322,123-456-8212
uuid-0323,user323@example.com,User 323,123-456-8213
uuid-0324,user324@example.com,User 324,123-456-8214
uuid-0325,user325@example.com,User 325,123-456-8215
uuid-0326,user326@example.com,User 326,123-456-8216
uuid-0327,user327@example.com,User 327,123-456-8217
uuid-0328,user328@example.com,User 328,123-456-8218
uuid-0329,user329@example.com,User 329,123-456-8219
uuid-0330,user330@example.com,User 330,123-456-8220
uuid-0331,user331@example.com,User 331,123-456-8221
uuid-0332,user332@example.com,User 332,123-456-8222
uuid-0333,user333@example.com,User 333,123-456-8223
uuid-0334,user334@example.com,User 334,123-456-8224
uuid-0335,user335@example.com,User 335,123-456-8225
uuid-0336,user336@example.com,User 336,123-456-8226
uuid-0337,user337@example.com,User 337,123-456-8227
uuid-0338,user338@example.com,User 338,123-456-8228
uuid-0339,user339@example.com,User 339,123-456-8229
uuid-0340,user340@example.com,User 340,123-456-8230
uuid-0341,user341@example.com,User 341,123-456-8231
uuid-0342,user342@example.com,User 342,123-456-8232
uuid-0343,user343@example.com,User 343,123-456-8233
uuid-0344,user344@example.com,User 344,123-456-8234
uuid-0345,user345@example.com,User 345,123-456-8235
uuid-0346,user346@example.com,User 346,123-456-8236
uuid-0347,user347@example.com,User 347,123-456-8237
uuid-0348,user348@example.com,User 348,123-456-8238
uuid-0349,user349@example.com,User 349,123-456-8239
uuid-0350,user350@example.com,User 350,123-456-8240
uuid-0351,user351@example.com,User 351,123-456-8241
uuid-0352,user352@example.com,User 352,123-456-8242
uuid-0353,user353@example.com,User 353,123-456-8243
uuid-0354,user354@example.com,User 354,123-456-8244
uuid-0355,user355@example.com,User 355,123-456-8245
uuid-0356,user356@example.com,User 356,123-456-8246
uuid-0357,user357@example.com,User 357,123-456-8247
uuid-0358,user358@example.com,User 358,123-456-8248
uuid-0359,user359@example.com,User 359,123-456-8249
uuid-0360,user360@example.com,User 360,123-456-8250
uuid-0361,user361@example.com,User 361,123-456-8251
uuid-0362,user362@example.com,User 362,123-456-8252
uuid-0363,user363@example.com,User 363,123-456-8253
uuid-0364,user364@example.com,User 364,123-456-8254
uuid-0365,user365@example.com,User 365,123-456-8255
uuid-0366,user366@example.com,User 366,123-456-8256
uuid-0367,user367@example.com,User 367,123-456-8257
uuid-0368,user368@example.com,User 368,123-456-8258
uuid-0369,user369@example.com,User 369,123-456-8259
uuid-0370,user370@example.com,User 370,123-456-8260
uuid-0371,user371@example.com,User 371,123-456-8261
uuid-0372,user372@example.com,User 372,123-456-8262
uuid-0373,user373@example.com,User 373,123-456-8263
uuid-0374,user374@example.com,User 374,123-456-8264
uuid-0375,user375@example.com,User 375,123-456-8265
uuid-0376,user376@example.com,User 376,123-456-8266
uuid-0377,user377@example.com,User 377,123-456-8267
uuid-0378,user378@example.com,User 378,123-456-8268
uuid-0379,user379@example.com,User 379,123-456-8269
uuid-0380,user380@example.com,User 380,123-456-8270
uuid-0381,user381@example.com,User 381,123-456-8271
uuid-0382,user382@example.com,User 382,123-456-8272
uuid-0383,user383@example.com,User 383,123-456-8273
uuid-0384,user384@example.com,User 384,123-456-8274
uuid-0385,user385@example.com,User 385,123-456-8275
uuid-0386,user386@example.com,User 386,123-456-8276
uuid-0387,user387@example.com,User 387,123-456-8277
uuid-0388,user388@example.com,User 388,123-456-8278
uuid-0389,user389@example.com,User 389,123-456-8279
uuid-0390,user390@example.com,User 390,123-456-8280
uuid-0391,user391@example.com,User 391,123-456-8281
uuid-0392,user392@example.com,User 392,123-456-8282
uuid-0393,user393@example.com,User 393,123-456-8283
uuid-0394,user394@example.com,User 394,123-456-8284
uuid-0395,user395@example.com,User 395,123-456-8285
uuid-0396,user396@example.com,User 396,123-456-8286
uuid-0397,user397@example.com,User 397,123-456-8287
uuid-0398,user398@example.com,User 398,123-456-8288
uuid-0399,user399@example.com,User 399,123-456-8289
uuid-0400,user400@example.com,User 400,123-456-8290
uuid-0401,user401@example.com,User 401,123-456-8291
uuid-0402,user402@example.com,User 402,123-456-8292
uuid-0403,user403@example.com,User 403,123-456-8293
uuid-0404,user404@example.com,User 404,123-456-8294
uuid-0405,user405@example.com,User 405,123-456-8295
uuid-0406,user406@example.com,User 406,123-456-8296
uuid-0407,user407@example.com,User 407,123-456-8297
uuid-0408,user408@example.com,User 408,123-456-8298
uuid-0409,user409@example.com,User 409,123-456-8299
uuid-0410,user410@example.com,User 410,123-456-8300
uuid-0411,user411@example.com,User 411,123-456-8301
uuid-0412,user412@example.com,User 412,123-456-8302
uuid-0413,user413@example.com,User 413,123-456-8303
uuid-0414,user414@example.com,User 414,123-456-8304
uuid-0415,user415@example.com,User 415,123-456-8305
uuid-0416,user416@example.com,User 416,123-456-8306
uuid-0417,user417@example.com,User 417,123-456-8307
uuid-0418,user418@example.com,User 418,123-456-8308
uuid-0419,user419@example.com,User 419,123-456-8309
uuid-0420,user420@example.com,User 420,123-456-8310
uuid-0421,user421@example.com,User 421,123-456-8311
uuid-0422,user422@example.com,User 422,123-456-8312
uuid-0423,user423@example.com,User 423,123-456-8313
uuid-0424,user424@example.com,User 424,123-456-8314
uuid-0425,user425@example.com,User 425,123-456-8315
uuid-0426,user426@example.com,User 426,123-456-8316
uuid-0427,user427@example.com,User 427,123-456-8317
uuid-0428,user428@example.com,User 428,123-456-8318
uuid-0429,user429@example.com,User 429,123-456-8319
uuid-0430,user430@example.com,User 430,123-456-8320
uuid-0431,user431@example.com,User 431,123-456-8321
uuid-0432,user432@example.com,User 432,123-456-8322
uuid-0433,user433@example.com,User 433,123-456-8323
uuid-0434,user434@example.com,User 434,123-456-8324
uuid-0435,user435@example.com,User 435,123-456-8325
uuid-0436,user436@example.com,User 436,123-456-8326
uuid-0437,user437@example.com,User 437,123-456-8327
uuid-0438,user438@example.com,User 438,123-456-8328
uuid-0439,user439@example.com,User 439,123-456-8329
uuid-0440,user440@example.com,User 440,123-456-8330
uuid-0441,user441@example.com,User 441,123-456-8331
uuid-0442,user442@example.com,User 442,123-456-8332
uuid-0443,user443@example.com,User 443,123-456-8333
uuid-0444,user444@example.com,User 444,123-456-8334
uuid-0445,user445@example.com,User 445,123-456-8335
uuid-0446,user446@example.com,User 446,123-456-8336
uuid-0447,user447@example.com,User 447,123-456-8337
uuid-0448,user448@example.com,User 448,123-456-8338
uuid-0449,user449@example.com,User 449,123-456-8339
uuid-0450,user450@example.com,User 450,123-456-8340
uuid-0451,user451@example.com,User 451,123-456-8341
uuid-0452,user452@example.com,User 452,123-456-8342
uuid-0453,user453@example.com,User 453,123-456-8343
uuid-0454,user454@example.com,User 454,123-456-8344
uuid-0455,user455@example.com,User 455,123-456-8345
uuid-0456,user456@example.com,User 456,123-456-8346
uuid-0457,user457@example.com,User 457,123-456-8347
uuid-0458,user458@example.com,User 458,123-456-8348
uuid-0459,user459@example.com,User 459,123-456-8349
uuid-0460,user460@example.com,User 460,123-456-8350
uuid-0461,user461@example.com,User 461,123-456-8351
uuid-0462,user462@example.com,User 462,123-456-8352
uuid-0463,user463@example.com,User 463,123-456-8353
uuid-0464,user464@example.com,User 464,123-456-8354
uuid-0465,user465@example.com,User 465,123-456-8355
uuid-0466,user466@example.com,User 466,123-456-8356
uuid-0467,user467@example.com,User 467,123-456-8357
uuid-0468,user468@example.com,User 468,123-456-8358
uuid-0469,user469@example.com,User 469,123-456-8359
uuid-0470,user470@example.com,User 470,123-456-8360
uuid-0471,user471@example.com,User 471,123-456-8361
uuid-0472,user472@example.com,User 472,123-456-8362
uuid-0473,user473@example.com,User 473,123-456-8363
uuid-0474,user474@example.com,User 474,123-456-8364
uuid-0475,user475@example.com,User 475,123-456-8365
uuid-0476,user476@example.com,User 476,123-456-8366
uuid-0477,user477@example.com,User 477,123-456-8367
uuid-0478,user478@example.com,User 478,123-456-8368
uuid-0479,user479@example.com,User 479,123-456-8369
uuid-0480,user480@example.com,User 480,123-456-8370
uuid-0481,user481@example.com,User 481,123-456-8371
uuid-0482,user482@example.com,User 482,123-456-8372
uuid-0483,user483@example.com,User 483,123-456-8373
uuid-0484,user484@example.com,User 484,123-456-8374
uuid-0485,user485@example.com,User 485,123-456-8375
uuid-0486,user486@example.com,User 486,123-456-8376
uuid-0487,user487@example.com,User 487,123-456-8377
uuid-0488,user488@example.com,User 488,123-456-8378
uuid-0489,user489@example.com,User 489,123-456-8379
uuid-0490,user490@example.com,User 490,123-456-8380
uuid-0491,user491@example.com,User 491,123-456-8381
uuid-0492,user492@example.com,User 492,123-456-8382
uuid-0493,user493@example.com,User 493,123-456-8383
uuid-0494,user494@example.com,User 494,123-456-8384
uuid-0495,user495@example.com,User 495,123-456-8385
uuid-0496,user496@example.com,User 496,123-456-8386
uuid-0497,user497@example.com,User 497,123-456-8387
uuid-0498,user498@example.com,User 498,123-456-8388
uuid-0499,user499@example.com,User 499,123-456-8389
uuid-0500,user500@example.com,User 500,123-456-8390
uuid-0501,user501@example.com,User 501,123-456-8391
uuid-0502,user502@example.com,User 502,123-456-8392
uuid-0503,user503@example.com,User 503,123-456-8393
uuid-0504,user504@example.com,User 504,123-456-8394
uuid-0505,user505@example.com,User 505,123-456-8395
uuid-0506,user506@example.com,User 506,123-456-8396
uuid-0507,user507@example.com,User 507,123-456-8397
uuid-0508,user508@example.com,User 508,123-456-8398
uuid-0509,user509@example.com,User 509,123-456-8399
uuid-0510,user510@example.com,User 510,123-456-8400
uuid-0511,user511@example.com,User 511,123-456-8401
uuid-0512,user512@example.com,User 512,123-456-8402
uuid-0513,user513@example.com,User 513,123-456-8403
uuid-0514,user514@example.com,User 514,123-456-8404
uuid-0515,user515@example.com,User 515,123-456-8405
uuid-0516,user516@example.com,User 516,123-456-8406
uuid-0517,user517@example.com,User 517,123-456-8407
uuid-0518,user518@example.com,User 518,123-456-8408
uuid-0519,user519@example.com,User 519,123-456-8409
uuid-0520,user520@example.com,User 520,123-456-8410
uuid-0521,user521@example.com,User 521,123-456-8411
uuid-0522,user522@example.com,User 522,123-456-8412
uuid-0523,user523@example.com,User 523,123-456-8413
uuid-0524,user524@example.com,User 524,123-456-8414
uuid-0525,user525@example.com,User 525,123-456-8415
uuid-0526,user526@example.com,User 526,123-456-8416
uuid-0527,user527@example.com,User 527,123-456-8417
uuid-0528,user528@example.com,User 528,123-456-8418
uuid-0529,user529@example.com,User 529,123-456-8419
uuid-0530,user530@example.com,User 530,123-456-8420
uuid-0531,user531@example.com,User 531,123-456-8421
uuid-0532,user532@example.com,User 532,123-456-8422
uuid-0533,user533@example.com,User 533,123-456-8423
uuid-0534,user534@example.com,User 534,123-456-8424
uuid-0535,user535@example.com,User 535,123-456-8425
uuid-0536,user536@example.com,User 536,123-456-8426
uuid-0537,user537@example.com,User 537,123-456-8427
uuid-0538,user538@example.com,User 538,123-456-8428
uuid-0539,user539@example.com,User 539,123-456-8429
uuid-0540,user540@example.com,User 540,123-456-8430
uuid-0541,user541@example.com,User 541,123-456-8431
uuid-0542,user542@example.com,User 542,123-456-8432
uuid-0543,user543@example.com,User 543,123-456-8433
uuid-0544,user544@example.com,User 544,123-456-8434
uuid-0545,user545@example.com,User 545,123-456-8435
uuid-0546,user546@example.com,User 546,123-456-8436
uuid-0547,user547@example.com,User 547,123-456-8437
uuid-0548,user548@example.com,User 548,123-456-8438
uuid-0549,user549@example.com,User 549,123-456-8439
uuid-0550,user550@example.com,User 550,123-456-8440
uuid-0551,user551@example.com,User 551,123-456-8441
uuid-0552,user552@example.com,User 552,123-456-8442
uuid-0553,user553@example.com,User 553,123-456-8443
uuid-0554,user554@example.com,User 554,123-456-8444
uuid-0555,user555@example.com,User 555,123-456-8445
uuid-0556,user556@example.com,User 556,123-456-8446
uuid-0557,user557@example.com,User 557,123-456-8447
uuid-0558,user558@example.com,User 558,123-456-8448
uuid-0559,user559@example.com,User 559,123-456-8449
uuid-0560,user560@example.com,User 560,123-456-8450
uuid-0561,user561@example.com,User 561,123-456-8451
uuid-0562,user562@example.com,User 562,123-456-8452
uuid-0563,user563@example.com,User 563,123-456-8453
uuid-0564,user564@example.com,User 564,123-456-8454
uuid-0565,user565@example.com,User 565,123-456-8455
uuid-0566,user566@example.com,User 566,123-456-8456
uuid-0567,user567@example.com,User 567,123-456-8457
uuid-0568,user568@example.com,User 568,123-456-8458
uuid-0569,user569@example.com,User 569,123-456-8459
uuid-0570,user570@example.com,User 570,123-456-8460
uuid-0571,user571@example.com,User 571,123-456-8461
uuid-0572,user572@example.com,User 572,123-456-8462
uuid-0573,user573@example.com,User 573,123-456-8463
uuid-0574,user574@example.com,User 574,123-456-8464
uuid-0575,user575@example.com,User 575,123-456-8465
uuid-0576,user576@example.com,User 576,123-456-8466
uuid-0577,user577@example.com,User 577,123-456-8467
uuid-0578,user578@example.com,User 578,123-456-8468
uuid-0579,user579@example.com,User 579,123-456-8469
uuid-0580,user580@example.com,User 580,123-456-8470
uuid-0581,user581@example.com,User 581,123-456-8471
uuid-0582,user582@example.com,User 582,123-456-8472
uuid-0583,user583@example.com,User 583,123-456-8473
uuid-0584,user584@example.com,User 584,123-456-8474
uuid-0585,user585@example.com,User 585,123-456-8475
uuid-0586,user586@example.com,User 586,123-456-8476
uuid-0587,user587@example.com,User 587,123-456-8477
uuid-0588,user588@example.com,User 588,123-456-8478
uuid-0589,user589@example.com,User 589,123-456-8479
uuid-0590,user590@example.com,User 590,123-456-8480
uuid-0591,user591@example.com,User 591,123-456-8481
uuid-0592,user592@example.com,User 592,123-456-8482
uuid-0593,user593@example.com,User 593,123-456-8483
uuid-0594,user594@example.com,User 594,123-456-8484
uuid-0595,user595@example.com,User 595,123-456-8485
uuid-0596,user596@example.com,User 596,123-456-8486
uuid-0597,user597@example.com,User 597,123-456-8487
uuid-0598,user598@example.com,User 598,123-456-8488
uuid-0599,user599@example.com,User 599,123-456-8489
uuid-0600,user600@example.com,User 600,123-456-8490
uuid-0601,user601@example.com,User 601,123-456-8491
uuid-0602,user602@example.com,User 602,123-456-8492
uuid-0603,user603@example.com,User 603,123-456-8493
uuid-0604,user604@example.com,User 604,123-456-8494
uuid-0605,user605@example.com,User 605,123-456-8495
uuid-0606,user606@example.com,User 606,123-456-8496
uuid-0607,user607@example.com,User 607,123-456-8497
uuid-0608,user608@example.com,User 608,123-456-8498
uuid-0609,user609@example.com,User 609,123-456-8499
uuid-0610,user610@example.com,User 610,123-456-8500
uuid-0611,user611@example.com,User 611,123-456-8501
uuid-0612,user612@example.com,User 612,123-456-8502
uuid-0613,user613@example.com,User 613,123-456-8503
uuid-0614,user614@example.com,User 614,123-456-8504
uuid-0615,user615@example.com,User 615,123-456-8505
uuid-0616,user616@example.com,User 616,123-456-8506
uuid-0617,user617@example.com,User 617,123-456-8507
uuid-0618,user618@example.com,User 618,123-456-8508
uuid-0619,user619@example.com,User 619,123-456-8509
uuid-0620,user620@example.com,User 620,123-456-8510
uuid-0621,user621@example.com,User 621,123-456-8511
uuid-0622,user622@example.com,User 622,123-456-8512
uuid-0623,user623@example.com,User 623,123-456-8513
uuid-0624,user624@example.com,User 624,123-456-8514
uuid-0625,user625@example.com,User 625,123-456-8515
uuid-0626,user626@example.com,User 626,123-456-8516
uuid-0627,user627@example.com,User 627,123-456-8517
uuid-0628,user628@example.com,User 628,123-456-8518
uuid-0629,user629@example.com,User 629,123-456-8519
uuid-0630,user630@example.com,User 630,123-456-8520
uuid-0631,user631@example.com,User 631,123-456-8521
uuid-0632,user632@example.com,User 632,123-456-8522
uuid-0633,user633@example.com,User 633,123-456-8523
uuid-0634,user634@example.com,User 634,123-456-8524
uuid-0635,user635@example.com,User 635,123-456-8525
uuid-0636,user636@example.com,User 636,123-456-8526
uuid-0637,user637@example.com,User 637,123-456-8527
uuid-0638,user638@example.com,User 638,123-456-8528
uuid-0639,user639@example.com,User 639,123-456-8529
uuid-0640,user640@example.com,User 640,123-456-8530
uuid-0641,user641@example.com,User 641,123-456-8531
uuid-0642,user642@example.com,User 642,123-456-8532
uuid-0643,user643@example.com,User 643,123-456-8533
uuid-0644,user644@example.com,User 644,123-456-8534
uuid-0645,user645@example.com,User 645,123-456-8535
uuid-0646,user646@example.com,User 646,123-456-8536
uuid-0647,user647@example.com,User 647,123-456-8537
uuid-0648,user648@example.com,User 648,123-456-8538
uuid-0649,user649@example.com,User 649,123-456-8539
uuid-0650,user650@example.com,User 650,123-456-8540
uuid-0651,user651@example.com,User 651,123-456-8541
uuid-0652,user652@example.com,User 652,123-456-8542
uuid-0653,user653@example.com,User 653,123-456-8543
uuid-0654,user654@example.com,User 654,123-456-8544
uuid-0655,user655@example.com,User 655,123-456-8545
uuid-0656,user656@example.com,User 656,123-456-8546
uuid-0657,user657@example.com,User 657,123-456-8547
uuid-0658,user658@example.com,User 658,123-456-8548
uuid-0659,user659@example.com,User 659,123-456-8549
uuid-0660,user660@example.com,User 660,123-456-8550
uuid-0661,user661@example.com,User 661,123-456-8551
uuid-0662,user662@example.com,User 662,123-456-8552
uuid-0663,user663@example.com,User 663,123-456-8553
uuid-0664,user664@example.com,User 664,123-456-8554
uuid-0665,user665@example.com,User 665,123-456-8555
uuid-0666,user666@example.com,User 666,123-456-8556
uuid-0667,user667@example.com,User 667,123-456-8557
uuid-0668,user668@example.com,User 668,123-456-8558
uuid-0669,user669@example.com,User 669,123-456-8559
uuid-0670,user670@example.com,User 670,123-456-8560
uuid-0671,user671@example.com,User 671,123-456-8561
uuid-0672,user672@example.com,User 672,123-456-8562
uuid-0673,user673@example.com,User 673,123-456-8563
uuid-0674,user674@example.com,User 674,123-456-8564
uuid-0675,user675@example.com,User 675,123-456-8565
uuid-0676,user676@example.com,User 676,123-456-8566
uuid-0677,user677@example.com,User 677,123-456-8567
uuid-0678,user678@example.com,User 678,123-456-8568
uuid-0679,user679@example.com,User 679,123-456-8569
uuid-0680,user680@example.com,User 680,123-456-8570
uuid-0681,user681@example.com,User 681,123-456-8571
uuid-0682,user682@example.com,User 682,123-456-8572
uuid-0683,user683@example.com,User 683,123-456-8573
uuid-0684,user684@example.com,User 684,123-456-8574
uuid-0685,user685@example.com,User 685,123-456-8575
uuid-0686,user686@example.com,User 686,123-456-8576
uuid-0687,user687@example.com,User 687,123-456-8577
uuid-0688,user688@example.com,User 688,123-456-8578
uuid-0689,user689@example.com,User 689,123-456-8579
uuid-0690,user690@example.com,User 690,123-456-8580
uuid-0691,user691@example.com,User 691,123-456-8581
uuid-0692,user692@example.com,User 692,123-456-8582
uuid-0693,user693@example.com,User 693,123-456-8583
uuid-0694,user694@example.com,User 694,123-456-8584
uuid-0695,user695@example.com,User 695,123-456-8585
uuid-0696,user696@example.com,User 696,123-456-8586
uuid-0697,user697@example.com,User 697,123-456-8587
uuid-0698,user698@example.com,User 698,123-456-8588
uuid-0699,user699@example.com,User 699,123-456-8589
uuid-0700,user700@example.com,User 700,123-456-8590
uuid-0701,user701@example.com,User 701,123-456-8591
uuid-0702,user702@example.com,User 702,123-456-8592
uuid-0703,user703@example.com,User 703,123-456-8593
uuid-0704,user704@example.com,User 704,123-456-8594
uuid-0705,user705@example.com,User 705,123-456-8595
uuid-0706,user706@example.com,User 706,123-456-8596
uuid-0707,user707@example.com,User 707,123-456-8597
uuid-0708,user708@example.com,User 708,123-456-8598
uuid-0709,user709@example.com,User 709,123-456-8599
uuid-0710,user710@example.com,User 710,123-456-8600
uuid-0711,user711@example.com,User 711,123-456-8601
uuid-0712,user712@example.com,User 712,123-456-8602
uuid-0713,user713@example.com,User 713,123-456-8603
uuid-0714,user714@example.com,User 714,123-456-8604
uuid-0715,user715@example.com,User 715,123-456-8605
uuid-0716,user716@example.com,User 716,123-456-8606
uuid-0717,user717@example.com,User 717,123-456-8607
uuid-0718,user718@example.com,User 718,123-456-8608
uuid-0719,user719@example.com,User 719,123-456-8609
uuid-0720,user720@example.com,User 720,123-456-8610
uuid-0721,user721@example.com,User 721,123-456-8611
uuid-0722,user722@example.com,User 722,123-456-8612
uuid-0723,user723@example.com,User 723,123-456-8613
uuid-0724,user724@example.com,User 724,123-456-8614
uuid-0725,user725@example.com,User 725,123-456-8615
uuid-0726,user726@example.com,User 726,123-456-8616
uuid-0727,user727@example.com,User 727,123-456-8617
uuid-0728,user728@example.com,User 728,123-456-8618
uuid-0729,user729@example.com,User 729,123-456-8619
uuid-0730,user730@example.com,User 730,123-456-8620
uuid-0731,user731@example.com,User 731,123-456-8621
uuid-0732,user732@example.com,User 732,123-456-8622
uuid-0733,user733@example.com,User 733,123-456-8623
uuid-0734,user734@example.com,User 734,123-456-8624
uuid-0735,user735@example.com,User 735,123-456-8625
uuid-0736,user736@example.com,User 736,123-456-8626
uuid-0737,user737@example.com,User 737,123-456-8627
uuid-0738,user738@example.com,User 738,123-456-8628
uuid-0739,user739@example.com,User 739,123-456-8629
uuid-0740,user740@example.com,User 740,123-456-8630
uuid-0741,user741@example.com,User 741,123-456-8631
uuid-0742,user742@example.com,User 742,123-456-8632
uuid-0743,user743@example.com,User 743,123-456-8633
uuid-0744,user744@example.com,User 744,123-456-8634
uuid-0745,user745@example.com,User 745,123-456-8635
uuid-0746,user746@example.com,User 746,123-456-8636
uuid-0747,user747@example.com,User 747,123-456-8637
uuid-0748,user748@example.com,User 748,123-456-8638
uuid-0749,user749@example.com,User 749,123-456-8639
uuid-0750,user750@example.com,User 750,123-456-8640
uuid-0751,user751@example.com,User 751,123-456-8641
uuid-0752,user752@example.com,User 752,123-456-8642
uuid-0753,user753@example.com,User 753,123-456-8643
uuid-0754,user754@example.com,User 754,123-456-8644
uuid-0755,user755@example.com,User 755,123-456-8645
uuid-0756,user756@example.com,User 756,123-456-8646
uuid-0757,user757@example.com,User 757,123-456-8647
uuid-0758,user758@example.com,User 758,123-456-8648
uuid-0759,user759@example.com,User 759,123-456-8649
uuid-0760,user760@example.com,User 760,123-456-8650
uuid-0761,user761@example.com,User 761,123-456-8651
uuid-0762,user762@example.com,User 762,123-456-8652
uuid-0763,user763@example.com,User 763,123-456-8653
uuid-0764,user764@example.com,User 764,123-456-8654
uuid-0765,user765@example.com,User 765,123-456-8655
uuid-0766,user766@example.com,User 766,123-456-8656
uuid-0767,user767@example.com,User 767,123-456-8657
uuid-0768,user768@example.com,User 768,123-456-8658
uuid-0769,user769@example.com,User 769,123-456-8659
uuid-0770,user770@example.com,User 770,123-456-8660
uuid-0771,user771@example.com,User 771,123-456-8661
uuid-0772,user772@example.com,User 772,123-456-8662
uuid-0773,user773@example.com,User 773,123-456-8663
uuid-0774,user774@example.com,User 774,123-456-8664
uuid-0775,user775@example.com,User 775,123-456-8665
uuid-0776,user776@example.com,User 776,123-456-8666
uuid-0777,user777@example.com,User 777,123-456-8667
uuid-0778,user778@example.com,User 778,123-456-8668
uuid-0779,user779@example.com,User 779,123-456-8669
uuid-0780,user780@example.com,User 780,123-456-8670
uuid-0781,user781@example.com,User 781,123-456-8671
uuid-0782,user782@example.com,User 782,123-456-8672
uuid-0783,user783@example.com,User 783,123-456-8673
uuid-0784,user784@example.com,User 784,123-456-8674
uuid-0785,user785@example.com,User 785,123-456-8675
uuid-0786,user786@example.com,User 786,123-456-8676
uuid-0787,user787@example.com,User 787,123-456-8677
uuid-0788,user788@example.com,User 788,123-456-8678
uuid-0789,user789@example.com,User 789,123-456-8679
uuid-0790,user790@example.com,User 790,123-456-8680
uuid-0791,user791@example.com,User 791,123-456-8681
uuid-0792,user792@example.com,User 792,123-456-8682
uuid-0793,user793@example.com,User 793,123-456-8683
uuid-0794,user794@example.com,User 794,123-456-8684
uuid-0795,user795@example.com,User 795,123-456-8685
uuid-0796,user796@example.com,User 796,123-456-8686
uuid-0797,user797@example.com,User 797,123-456-8687
uuid-0798,user798@example.com,User 798,123-456-8688
uuid-0799,user799@example.com,User 799,123-456-8689
uuid-0800,user800@example.com,User 800,123-456-8690
uuid-0801,user801@example.com,User 801,123-456-8691
uuid-0802,user802@example.com,User 802,123-456-8692
uuid-0803,user803@example.com,User 803,123-456-8693
uuid-0804,user804@example.com,User 804,123-456-8694
uuid-0805,user805@example.com,User 805,123-456-8695
uuid-0806,user806@example.com,User 806,123-456-8696
uuid-0807,user807@example.com,User 807,123-456-8697
uuid-0808,user808@example.com,User 808,123-456-8698
uuid-0809,user809@example.com,User 809,123-456-8699
uuid-0810,user810@example.com,User 810,123-456-8700
uuid-0811,user811@example.com,User 811,123-456-8701
uuid-0812,user812@example.com,User 812,123-456-8702
uuid-0813,user813@example.com,User 813,123-456-8703
uuid-0814,user814@example.com,User 814,123-456-8704
uuid-0815,user815@example.com,User 815,123-456-8705
uuid-0816,user816@example.com,User 816,123-456-8706
uuid-0817,user817@example.com,User 817,123-456-8707
uuid-0818,user818@example.com,User 818,123-456-8708
uuid-0819,user819@example.com,User 819,123-456-8709
uuid-0820,user820@example.com,User 820,123-456-8710
uuid-0821,user821@example.com,User 821,123-456-8711
uuid-0822,user822@example.com,User 822,123-456-8712
uuid-0823,user823@example.com,User 823,123-456-8713
uuid-0824,user824@example.com,User 824,123-456-8714
uuid-0825,user825@example.com,User 825,123-456-8715
uuid-0826,user826@example.com,User 826,123-456-8716
uuid-0827,user827@example.com,User 827,123-456-8717
uuid-0828,user828@example.com,User 828,123-456-8718
uuid-0829,user829@example.com,User 829,123-456-8719
uuid-0830,user830@example.com,User 830,123-456-8720
uuid-0831,user831@example.com,User 831,123-456-8721
uuid-0832,user832@example.com,User 832,123-456-8722
uuid-0833,user833@example.com,User 833,123-456-8723
uuid-0834,user834@example.com,User 834,123-456-8724
uuid-0835,user835@example.com,User 835,123-456-8725
uuid-0836,user836@example.com,User 836,123-456-8726
uuid-0837,user837@example.com,User 837,123-456-8727
uuid-0838,user838@example.com,User 838,123-456-8728
uuid-0839,user839@example.com,User 839,123-456-8729
uuid-0840,user840@example.com,User 840,123-456-8730
uuid-0841,user841@example.com,User 841,123-456-8731
uuid-0842,user842@example.com,User 842,123-456-8732
uuid-0843,user843@example.com,User 843,123-456-8733
uuid-0844,user844@example.com,User 844,123-456-8734
uuid-0845,user845@example.com,User 845,123-456-8735
uuid-0846,user846@example.com,User 846,123-456-8736
uuid-0847,user847@example.com,User 847,123-456-8737
uuid-0848,user848@example.com,User 848,123-456-8738
uuid-0849,user849@example.com,User 849,123-456-8739
uuid-0850,user850@example.com,User 850,123-456-8740
uuid-0851,user851@example.com,User 851,123-456-8741
uuid-0852,user852@example.com,User 852,123-456-8742
uuid-0853,user853@example.com,User 853,123-456-8743
uuid-0854,user854@example.com,User 854,123-456-8744
uuid-0855,user855@example.com,User 855,123-456-8745
uuid-0856,user856@example.com,User 856,123-456-8746
uuid-0857,user857@example.com,User 857,123-456-8747
uuid-0858,user858@example.com,User 858,123-456-8748
uuid-0859,user859@example.com,User 859,123-456-8749
uuid-0860,user860@example.com,User 860,123-456-8750
uuid-0861,user861@example.com,User 861,123-456-8751
uuid-0862,user862@example.com,User 862,123-456-8752
uuid-0863,user863@example.com,User 863,123-456-8753
uuid-0864,user864@example.com,User 864,123-456-8754
uuid-0865,user865@example.com,User 865,123-456-8755
uuid-0866,user866@example.com,User 866,123-456-8756
uuid-0867,user867@example.com,User 867,123-456-8757
uuid-0868,user868@example.com,User 868,123-456-8758
uuid-0869,user869@example.com,User 869,123-456-8759
uuid-0870,user870@example.com,User 870,123-456-8760
uuid-0871,user871@example.com,User 871,123-456-8761
uuid-0872,user872@example.com,User 872,123-456-8762
uuid-0873,user873@example.com,User 873,123-456-8763
uuid-0874,user874@example.com,User 874,123-456-8764
uuid-0875,user875@example.com,User 875,123-456-8765
uuid-0876,user876@example.com,User 876,123-456-8766
uuid-0877,user877@example.com,User 877,123-456-8767
uuid-0878,user878@example.com,User 878,123-456-8768
uuid-0879,user879@example.com,User 879,123-456-8769
uuid-0880,user880@example.com,User 880,123-456-8770
uuid-0881,user881@example.com,User 881,123-456-8771
uuid-0882,user882@example.com,User 882,123-456-8772
uuid-0883,user883@example.com,User 883,123-456-8773
uuid-0884,user884@example.com,User 884,123-456-8774
uuid-0885,user885@example.com,User 885,123-456-8775
uuid-0886,user886@example.com,User 886,123-456-8776
uuid-0887,user887@example.com,User 887,123-456-8777
uuid-0888,user888@example.com,User 888,123-456-8778
uuid-0889,user889@example.com,User 889,123-456-8779
uuid-0890,user890@example.com,User 890,123-456-8780
uuid-0891,user891@example.com,User 891,123-456-8781
uuid-0892,user892@example.com,User 892,123-456-8782
uuid-0893,user893@example.com,User 893,123-456-8783
uuid-0894,user894@example.com,User 894,123-456-8784
uuid-0895,user895@example.com,User 895,123-456-8785
uuid-0896,user896@example.com,User 896,123-456-8786
uuid-0897,user897@example.com,User 897,123-456-8787
uuid-0898,user898@example.com,User 898,123-456-8788
uuid-0899,user899@example.com,User 899,123-456-8789
uuid-0900,user900@example.com,User 900,123-456-8790
uuid-0901,user901@example.com,User 901,123-456-8791
uuid-0902,user902@example.com,User 902,123-456-8792
uuid-0903,user903@example.com,User 903,123-456-8793
uuid-0904,user904@example.com,User 904,123-456-8794
uuid-0905,user905@example.com,User 905,123-456-8795
uuid-0906,user906@example.com,User 906,123-456-8796
uuid-0907,user907@example.com,User 907,123-456-8797
uuid-0908,user908@example.com,User 908,123-456-8798
uuid-0909,user909@example.com,User 909,123-456-8799
uuid-0910,user910@example.com,User 910,123-456-8800
uuid-0911,user911@example.com,User 911,123-456-8801
uuid-0912,user912@example.com,User 912,123-456-8802
uuid-0913,user913@example.com,User 913,123-456-8803
uuid-0914,user914@example.com,User 914,123-456-8804
uuid-0915,user915@example.com,User 915,123-456-8805
uuid-0916,user916@example.com,User 916,123-456-8806
uuid-0917,user917@example.com,User 917,123-456-8807
uuid-0918,user918@example.com,User 918,123-456-8808
uuid-0919,user919@example.com,User 919,123-456-8809
uuid-0920,user920@example.com,User 920,123-456-8810
uuid-0921,user921@example.com,User 921,123-456-8811
uuid-0922,user922@example.com,User 922,123-456-8812
uuid-0923,user923@example.com,User 923,123-456-8813
uuid-0924,user924@example.com,User 924,123-456-8814
uuid-0925,user925@example.com,User 925,123-456-8815
uuid-0926,user926@example.com,User 926,123-456-8816
uuid-0927,user927@example.com,User 927,123-456-8817
uuid-0928,user928@example.com,User 928,123-456-8818
uuid-0929,user929@example.com,User 929,123-456-8819
uuid-0930,user930@example.com,User 930,123-456-8820
uuid-0931,user931@example.com,User 931,123-456-8821
uuid-0932,user932@example.com,User 932,123-456-8822
uuid-0933,user933@example.com,User 933,123-456-8823
uuid-0934,user934@example.com,User 934,123-456-8824
uuid-0935,user935@example.com,User 935,123-456-8825
uuid-0936,user936@example.com,User 936,123-456-8826
uuid-0937,user937@example.com,User 937,123-456-8827
uuid-0938,user938@example.com,User 938,123-456-8828
uuid-0939,user939@example.com,User 939,123-456-8829
uuid-0940,user940@example.com,User 940,123-456-8830
uuid-0941,user941@example.com,User 941,123-456-8831
uuid-0942,user942@example.com,User 942,123-456-8832
uuid-0943,user943@example.com,User 943,123-456-8833
uuid-0944,user944@example.com,User 944,123-456-8834
uuid-0945,user945@example.com,User 945,123-456-8835
uuid-0946,user946@example.com,User 946,123-456-8836
uuid-0947,user947@example.com,User 947,123-456-8837
uuid-0948,user948@example.com,User 948,123-456-8838
uuid-0949,user949@example.com,User 949,123-456-8839
uuid-0950,user950@example.com,User 950,123-456-8840
uuid-0951,user951@example.com,User 951,123-456-8841
uuid-0952,user952@example.com,User 952,123-456-8842
uuid-0953,user953@example.com,User 953,123-456-8843
uuid-0954,user954@example.com,User 954,123-456-8844
uuid-0955,user955@example.com,User 955,123-456-8845
uuid-0956,user956@example.com,User 956,123-456-8846
uuid-0957,user957@example.com,User 957,123-456-8847
uuid-0958,user958@example.com,User 958,123-456-8848
uuid-0959,user959@example.com,User 959,123-456-8849
uuid-0960,user960@example.com,User 960,123-456-8850
uuid-0961,user961@example.com,User 961,123-456-8851
uuid-0962,user962@example.com,User 962,123-456-8852
uuid-0963,user963@example.com,User 963,123-456-8853
uuid-0964,user964@example.com,User 964,123-456-8854
uuid-0965,user965@example.com,User 965,123-456-8855
uuid-0966,user966@example.com,User 966,123-456-8856
uuid-0967,user967@example.com,User 967,123-456-8857
uuid-0968,user968@example.com,User 968,123-456-8858
uuid-0969,user969@example.com,User 969,123-456-8859
uuid-0970,user970@example.com,User 970,123-456-8860
uuid-0971,user971@example.com,User 971,123-456-8861
uuid-0972,user972@example.com,User 972,123-456-8862
uuid-0973,user973@example.com,User 973,123-456-8863
uuid-0974,user974@example.com,User 974,123-456-8864
uuid-0975,user975@example.com,User 975,123-456-8865
uuid-0976,user976@example.com,User 976,123-456-8866
uuid-0977,user977@example.com,User 977,123-456-8867
uuid-0978,user978@example.com,User 978,123-456-8868
uuid-0979,user979@example.com,User 979,123-456-8869
uuid-0980,user980@example.com,User 980,123-456-8870
uuid-0981,user981@example.com,User 981,123-456-8871
uuid-0982,user982@example.com,User 982,123-456-8872
uuid-0983,user983@example.com,User 983,123-456-8873
uuid-0984,user984@example.com,User 984,123-456-8874
uuid-0985,user985@example.com,User 985,123-456-8875
uuid-0986,user986@example.com,User 986,123-456-8876
uuid-0987,user987@example.com,User 987,123-456-8877
uuid-0988,user988@example.com,User 988,123-456-8878
uuid-0989,user989@example.com,User 989,123-456-8879
uuid-0990,user990@example.com,User 990,123-456-8880
uuid-0991,user991@example.com,User 991,123-456-8881
uuid-0992,user992@example.com,User 992,123-456-8882
uuid-0993,user993@example.com,User 993,123-456-8883
uuid-0994,user994@example.com,User 994,123-456-8884
uuid-0995,user995@example.com,User 995,123-456-8885
uuid-0996,user996@example.com,User 996,123-456-8886
uuid-0997,user997@example.com,User 997,123-456-8887
uuid-0998,user998@example.com,User 998,123-456-8888
uuid-0999,user999@example.com,User 999,123-456-8889
uuid-1000,user1000@example.com,User 1000,123-456-7890
